x-axis,1,2,MATH
second,Volt,Volt,Volt/second
-50.2000E-06,+4.9390625954E+00,+19.5312500E-03,+0.0E+00
-50.1000E-06,+4.9273438454E+00,+19.5312500E-03,-39.0624999999978E+03
-50.0000E-06,+4.9312500954E+00,+11.7187500E-03,+2.2E-09
-49.9000E-06,+4.9312500954E+00,+23.4375000E-03,+39.0624999999973E+03
-49.8000E-06,+4.9351563454E+00,+27.3437500E-03,+15.6249999999989E+03
-49.7000E-06,+4.9312500954E+00,+19.5312500E-03,+5.8593749999998E+03
-49.6000E-06,+4.9351563454E+00,+23.4375000E-03,+3.9062500000000E+03
-49.5000E-06,+4.9273438454E+00,+27.3437500E-03,+3.9062500000003E+03
-49.4000E-06,+4.9312500954E+00,+23.4375000E-03,+5.8593749999982E+03
-49.3000E-06,+4.9312500954E+00,+23.4375000E-03,-1.9531249999973E+03
-49.2000E-06,+4.9312500954E+00,+27.3437500E-03,+9.7656249999956E+03
-49.1000E-06,+4.9273438454E+00,+23.4375000E-03,-5.8593749999995E+03
-49.0000E-06,+4.9312500954E+00,+31.2500000E-03,-3.9062500000017E+03
-48.9000E-06,+4.9312500954E+00,+23.4375000E-03,-9.7656250000000E+03
-48.8000E-06,+4.9351563454E+00,+23.4375000E-03,-9.7656249999967E+03
-48.7000E-06,+4.9273438454E+00,+15.6250000E-03,-800E-12
-48.6000E-06,+4.9312500954E+00,+23.4375000E-03,-1.9531249999977E+03
-48.5000E-06,+4.9234375954E+00,+23.4375000E-03,+3.9062499999965E+03
-48.4000E-06,+4.9312500954E+00,+27.3437500E-03,-3.9062499999982E+03
-48.3000E-06,+4.9351563454E+00,+23.4375000E-03,-2.7E-09
-48.2000E-06,+4.9273438454E+00,+19.5312500E-03,-5.8593749999920E+03
-48.1000E-06,+4.9312500954E+00,+15.6250000E-03,+9.7656249999950E+03
-48.0000E-06,+4.9312500954E+00,+23.4375000E-03,+6.7E-09
-47.9000E-06,+4.9351563454E+00,+31.2500000E-03,+11.7187499999956E+03
-47.8000E-06,+4.9312500954E+00,+19.5312500E-03,+3.9062499999963E+03
-47.7000E-06,+4.9351563454E+00,+23.4375000E-03,-1.9531249999976E+03
-47.6000E-06,+4.9312500954E+00,+27.3437500E-03,+1.9531249999927E+03
-47.5000E-06,+4.9312500954E+00,+27.3437500E-03,-9.7656249999920E+03
-47.4000E-06,+4.9312500954E+00,+19.5312500E-03,+1.9531249999947E+03
-47.3000E-06,+4.9351563454E+00,+19.5312500E-03,-5.8593749999942E+03
-47.2000E-06,+4.9351563454E+00,+27.3437500E-03,+1.9531249999942E+03
-47.1000E-06,+4.9312500954E+00,+23.4375000E-03,-5.8593749999985E+03
-47.0000E-06,+4.9273438454E+00,+23.4375000E-03,-3.9062500000016E+03
-46.9000E-06,+4.9312500954E+00,+19.5312500E-03,-5.8593750000031E+03
-46.8000E-06,+4.9312500954E+00,+23.4375000E-03,-9.7656249999900E+03
-46.7000E-06,+4.9312500954E+00,+15.6250000E-03,+1.9531249999900E+03
-46.6000E-06,+4.9351563454E+00,+19.5312500E-03,-9.7656249999876E+03
-46.5000E-06,+4.9351563454E+00,+23.4375000E-03,+3.9062499999947E+03
-46.4000E-06,+4.9312500954E+00,+19.5312500E-03,-1.9531250000000E+03
-46.3000E-06,+4.9351563454E+00,+19.5312500E-03,-1.9531249999887E+03
-46.2000E-06,+4.9312500954E+00,+15.6250000E-03,+9.7656249999906E+03
-46.1000E-06,+4.9312500954E+00,+19.5312500E-03,+6.0E-09
-46.0000E-06,+4.9312500954E+00,+27.3437500E-03,+5.8593750000000E+03
-45.9000E-06,+4.9312500954E+00,+19.5312500E-03,+5.8593749999937E+03
-45.8000E-06,+4.9312500954E+00,+19.5312500E-03,+6.3E-09
-45.7000E-06,+4.9312500954E+00,+23.4375000E-03,+5.8593749999933E+03
-45.6000E-06,+4.9351563454E+00,+23.4375000E-03,+2.2E-09
-45.5000E-06,+4.9351563454E+00,+23.4375000E-03,+1.9531249999933E+03
-45.4000E-06,+4.9351563454E+00,+23.4375000E-03,-3.9062499999977E+03
-45.3000E-06,+4.9312500954E+00,+23.4375000E-03,-1.9531250000047E+03
-45.2000E-06,+4.9312500954E+00,+19.5312500E-03,-5.8593749999976E+03
-45.1000E-06,+4.9273438454E+00,+23.4375000E-03,-3.9062499999951E+03
-45.0000E-06,+4.9312500954E+00,+19.5312500E-03,+0.0E+00
-44.9000E-06,+4.9273438454E+00,+19.5312500E-03,+5.1E-09
-44.8000E-06,+4.9273438454E+00,+19.5312500E-03,+3.9062499999975E+03
-44.7000E-06,+4.9273438454E+00,+23.4375000E-03,+1.9531250000000E+03
-44.6000E-06,+4.9312500954E+00,+23.4375000E-03,+1.9531249999947E+03
-44.5000E-06,+4.9312500954E+00,+23.4375000E-03,-1.9531249999945E+03
-44.4000E-06,+4.9351563454E+00,+19.5312500E-03,+1.9531249999972E+03
-44.3000E-06,+4.9312500954E+00,+19.5312500E-03,+5.6E-09
-44.2000E-06,+4.9273438454E+00,+23.4375000E-03,+3.9062499999971E+03
-44.1000E-06,+4.9312500954E+00,+23.4375000E-03,+1.9531250000000E+03
-44.0000E-06,+4.9273438454E+00,+23.4375000E-03,+1.9531249999940E+03
-43.9000E-06,+4.9351563454E+00,+23.4375000E-03,-1.9531250000000E+03
-43.8000E-06,+4.9351563454E+00,+23.4375000E-03,-1.9531249999969E+03
-43.7000E-06,+4.9351563454E+00,+19.5312500E-03,-6.2E-09
-43.6000E-06,+4.9351563454E+00,+23.4375000E-03,-3.9062499999876E+03
-43.5000E-06,+4.9312500954E+00,+23.4375000E-03,+3.9062499999968E+03
-43.4000E-06,+4.9312500954E+00,+19.5312500E-03,+1.9531249999968E+03
-43.3000E-06,+4.9312500954E+00,+23.4375000E-03,+16.7E-09
-43.2000E-06,+4.9312500954E+00,+23.4375000E-03,+9.7656249999767E+03
-43.1000E-06,+4.9312500954E+00,+23.4375000E-03,-3.9062499999862E+03
-43.0000E-06,+4.9273438454E+00,+27.3437500E-03,+3.9062499999897E+03
-42.9000E-06,+4.9351563454E+00,+19.5312500E-03,-1.9531249999966E+03
-42.8000E-06,+4.9273438454E+00,+23.4375000E-03,-3.6E-09
-42.7000E-06,+4.9312500954E+00,+23.4375000E-03,-1.9531249999965E+03
-42.6000E-06,+4.9351563454E+00,+27.3437500E-03,-7.3E-09
-42.5000E-06,+4.9312500954E+00,+19.5312500E-03,-3.9062499999890E+03
-42.4000E-06,+4.9273438454E+00,+23.4375000E-03,+1.9531249999962E+03
-42.3000E-06,+4.9273438454E+00,+19.5312500E-03,+0.0E+00
-42.2000E-06,+4.9351563454E+00,+27.3437500E-03,+7.5E-09
-42.1000E-06,+4.9312500954E+00,+19.5312500E-03,+3.9062499999689E+03
-42.0000E-06,+4.9312500954E+00,+27.3437500E-03,-11.7187499999728E+03
-41.9000E-06,+4.9273438454E+00,+23.4375000E-03,+1.9531249999720E+03
-41.8000E-06,+4.9312500954E+00,+19.5312500E-03,-11.7187499999720E+03
-41.7000E-06,+4.9312500954E+00,+19.5312500E-03,+1.9531249999959E+03
-41.6000E-06,+4.9273438454E+00,+19.5312500E-03,+8.2E-09
-41.5000E-06,+4.9312500954E+00,+23.4375000E-03,+3.9062499999918E+03
-41.4000E-06,+4.9312500954E+00,+23.4375000E-03,+0.0E+00
-41.3000E-06,+4.9312500954E+00,+23.4375000E-03,-8.4E-09
-41.2000E-06,+4.9351563454E+00,+19.5312500E-03,-3.9062500000043E+03
-41.1000E-06,+4.9312500954E+00,+23.4375000E-03,-5.8593749999913E+03
-41.0000E-06,+4.9273438454E+00,+19.5312500E-03,-1.9531250000089E+03
-40.9000E-06,+4.9312500954E+00,+19.5312500E-03,-5.8593749999911E+03
-40.8000E-06,+4.9312500954E+00,+19.5312500E-03,-1.9531249999956E+03
-40.7000E-06,+4.9312500954E+00,+19.5312500E-03,-13.7E-09
-40.6000E-06,+4.9312500954E+00,+19.5312500E-03,-5.8593749999772E+03
-40.5000E-06,+4.9312500954E+00,+19.5312500E-03,+3.9062499999860E+03
-40.4000E-06,+4.9351563454E+00,+15.6250000E-03,-1.9531249999860E+03
-40.3000E-06,+4.9273438454E+00,+23.4375000E-03,+3.9062500000239E+03
-40.2000E-06,+4.9273438454E+00,+15.6250000E-03,+13.6718749999809E+03
-40.1000E-06,+4.9312500954E+00,+19.5312500E-03,+5.8593750000239E+03
-40.0000E-06,+4.9312500954E+00,+23.4375000E-03,+15.6249999999756E+03
-39.9000E-06,+4.9312500954E+00,+27.3437500E-03,+5.8593749999854E+03
-39.8000E-06,+4.9273438454E+00,+27.3437500E-03,+5.0E-09
-39.7000E-06,+4.9273438454E+00,+23.4375000E-03,+1.9531249999850E+03
-39.6000E-06,+4.9312500954E+00,+19.5312500E-03,-3.9062499999949E+03
-39.5000E-06,+4.9312500954E+00,+27.3437500E-03,-1.9531249999847E+03
-39.4000E-06,+4.9312500954E+00,+23.4375000E-03,+3.9062499999847E+03
-39.3000E-06,+4.9312500954E+00,+23.4375000E-03,-1.9531249999791E+03
-39.2000E-06,+4.9273438454E+00,+23.4375000E-03,+5.8593749999948E+03
-39.1000E-06,+4.9312500954E+00,+23.4375000E-03,+3.9062499999947E+03
-39.0000E-06,+4.9312500954E+00,+27.3437500E-03,+1.9531250000053E+03
-38.9000E-06,+4.9273438454E+00,+27.3437500E-03,+3.9062499999893E+03
-38.8000E-06,+4.9312500954E+00,+23.4375000E-03,-5.4E-09
-38.7000E-06,+4.9312500954E+00,+27.3437500E-03,-1.9531250000054E+03
-38.6000E-06,+4.9273438454E+00,+27.3437500E-03,-3.9062499999889E+03
-38.5000E-06,+4.9351563454E+00,+23.4375000E-03,-27.8E-09
-38.4000E-06,+4.9312500954E+00,+23.4375000E-03,-9.7656249999660E+03
-38.3000E-06,+4.9312500954E+00,+27.3437500E-03,+1.9531249999887E+03
-38.2000E-06,+4.9312500954E+00,+19.5312500E-03,-1.9531250000113E+03
-38.1000E-06,+4.9312500954E+00,+27.3437500E-03,-5.8593749999769E+03
-38.0000E-06,+4.9351563454E+00,+23.4375000E-03,+1.9531249999654E+03
-37.9000E-06,+4.9351563454E+00,+23.4375000E-03,-9.7656249999824E+03
-37.8000E-06,+4.9273438454E+00,+23.4375000E-03,-3.9062499999824E+03
-37.7000E-06,+4.9351563454E+00,+19.5312500E-03,+1.9531249999760E+03
-37.6000E-06,+4.9351563454E+00,+19.5312500E-03,-5.8593749999700E+03
-37.5000E-06,+4.9312500954E+00,+27.3437500E-03,+3.9062499999880E+03
-37.4000E-06,+4.9273438454E+00,+19.5312500E-03,-6.1E-09
-37.3000E-06,+4.9273438454E+00,+23.4375000E-03,-1.9531249999634E+03
-37.2000E-06,+4.9273438454E+00,+19.5312500E-03,+9.7656249999689E+03
-37.1000E-06,+4.9273438454E+00,+23.4375000E-03,+37.3E-09
-37.0000E-06,+4.9273438454E+00,+23.4375000E-03,+11.7187499999747E+03
-36.9000E-06,+4.9273438454E+00,+23.4375000E-03,+3.9062499999873E+03
-36.8000E-06,+4.9312500954E+00,+27.3437500E-03,+0.0E+00
-36.7000E-06,+4.9273438454E+00,+27.3437500E-03,-38.6E-09
-36.6000E-06,+4.9312500954E+00,+23.4375000E-03,-11.7187499999742E+03
-36.5000E-06,+4.9312500954E+00,+23.4375000E-03,-3.9062500000197E+03
-36.4000E-06,+4.9312500954E+00,+19.5312500E-03,-9.7656249999738E+03
-36.3000E-06,+4.9273438454E+00,+23.4375000E-03,-1.9531249999933E+03
-36.2000E-06,+4.9273438454E+00,+19.5312500E-03,-6.7E-09
-36.1000E-06,+4.9312500954E+00,+23.4375000E-03,-1.9531249999734E+03
-36.0000E-06,+4.9312500954E+00,+19.5312500E-03,+5.8593749999594E+03
-35.9000E-06,+4.9312500954E+00,+23.4375000E-03,-5.8593749999594E+03
-35.8000E-06,+4.9351563454E+00,+23.4375000E-03,+5.8593749999587E+03
-35.7000E-06,+4.9234375954E+00,+19.5312500E-03,-5.8593749999725E+03
-35.6000E-06,+4.9273438454E+00,+23.4375000E-03,+1.9531249999860E+03
-35.5000E-06,+4.9312500954E+00,+19.5312500E-03,-1.9531249999860E+03
-35.4000E-06,+4.9312500954E+00,+23.4375000E-03,+1.9531250000000E+03
-35.3000E-06,+4.9312500954E+00,+19.5312500E-03,+1.9531250000142E+03
-35.2000E-06,+4.9312500954E+00,+23.4375000E-03,+5.8593750000142E+03
-35.1000E-06,+4.9273438454E+00,+19.5312500E-03,+9.7656249999784E+03
-35.0000E-06,+4.9273438454E+00,+27.3437500E-03,+3.9062500000289E+03
-34.9000E-06,+4.9312500954E+00,+23.4375000E-03,+11.7187499999414E+03
-34.8000E-06,+4.9312500954E+00,+27.3437500E-03,-3.9062499999707E+03
-34.7000E-06,+4.9312500954E+00,+27.3437500E-03,+3.9062499999634E+03
-34.6000E-06,+4.9312500954E+00,+23.4375000E-03,-5.8593749999777E+03
-34.5000E-06,+4.9312500954E+00,+23.4375000E-03,-14.9E-09
-34.4000E-06,+4.9273438454E+00,+23.4375000E-03,-3.9062500000000E+03
-34.3000E-06,+4.9312500954E+00,+27.3437500E-03,-3.9062500000000E+03
-34.2000E-06,+4.9312500954E+00,+23.4375000E-03,-3.9062500000230E+03
-34.1000E-06,+4.9312500954E+00,+23.4375000E-03,-9.7656249999617E+03
-34.0000E-06,+4.9273438454E+00,+19.5312500E-03,-15.3E-09
-33.9000E-06,+4.9312500954E+00,+19.5312500E-03,-3.9062499999689E+03
-33.8000E-06,+4.9312500954E+00,+23.4375000E-03,+3.9062499999845E+03
-33.7000E-06,+4.9312500954E+00,+23.4375000E-03,+7.9E-09
-33.6000E-06,+4.9312500954E+00,+23.4375000E-03,+1.9531250000079E+03
-33.5000E-06,+4.9312500954E+00,+19.5312500E-03,+3.9062499999842E+03
-33.4000E-06,+4.9273438454E+00,+23.4375000E-03,+40.0E-09
-33.3000E-06,+4.9273438454E+00,+23.4375000E-03,+9.7656249999680E+03
-33.2000E-06,+4.9234375954E+00,+23.4375000E-03,+1.9531250000000E+03
-33.1000E-06,+4.9273438454E+00,+27.3437500E-03,+1.9531249999838E+03
-33.0000E-06,+4.9273438454E+00,+23.4375000E-03,-1.9531250000082E+03
-32.9000E-06,+4.9312500954E+00,+23.4375000E-03,-3.9062500000411E+03
-32.8000E-06,+4.9234375954E+00,+27.3437500E-03,-13.6718749999671E+03
-32.7000E-06,+4.9312500954E+00,+23.4375000E-03,-5.8593749999834E+03
-32.6000E-06,+4.9312500954E+00,+11.7187500E-03,-1.9531250000333E+03
-32.5000E-06,+4.9195313454E+00,+23.4375000E-03,-9.7656249998988E+03
-32.4000E-06,+4.9351563454E+00,+23.4375000E-03,+13.6718749999325E+03
-32.3000E-06,+4.9312500954E+00,+15.6250000E-03,-1.9531249999744E+03
-32.2000E-06,+4.9390625954E+00,+27.3437500E-03,+3.9062500000086E+03
-32.1000E-06,+4.9156250954E+00,+23.4375000E-03,+5.8593749999829E+03
-32.0000E-06,+4.9312500954E+00,+19.5312500E-03,+1.9531250000173E+03
-31.9000E-06,+4.9273438454E+00,+19.5312500E-03,+5.8593750000000E+03
-31.8000E-06,+4.9351563454E+00,+27.3437500E-03,+5.8593749999737E+03
-31.7000E-06,+4.9234375954E+00,+27.3437500E-03,-8.8E-09
-31.6000E-06,+4.9351563454E+00,+27.3437500E-03,-1.9531250000000E+03
-31.5000E-06,+4.9273438454E+00,+19.5312500E-03,-1.9531250000178E+03
-31.4000E-06,+4.9390625954E+00,+23.4375000E-03,-5.8593749999734E+03
-31.3000E-06,+4.9312500954E+00,+23.4375000E-03,-9.0E-09
-31.2000E-06,+4.9351563454E+00,+23.4375000E-03,-1.9531250000000E+03
-31.1000E-06,+4.9273438454E+00,+23.4375000E-03,-1.9531249999909E+03
-31.0000E-06,+4.9273438454E+00,+23.4375000E-03,+0.0E+00
-30.9000E-06,+4.9273438454E+00,+19.5312500E-03,-9.2E-09
-30.8000E-06,+4.9273438454E+00,+23.4375000E-03,-1.9531249999816E+03
-30.7000E-06,+4.9312500954E+00,+23.4375000E-03,+1.9531249999631E+03
-30.6000E-06,+4.9312500954E+00,+23.4375000E-03,-5.8593749999814E+03
-30.5000E-06,+4.9273438454E+00,+23.4375000E-03,-1.9531250000187E+03
-30.4000E-06,+4.9312500954E+00,+19.5312500E-03,-5.8593749999907E+03
-30.3000E-06,+4.9273438454E+00,+19.5312500E-03,-3.9062499999816E+03
-30.2000E-06,+4.9312500954E+00,+19.5312500E-03,-18.4E-09
-30.1000E-06,+4.9312500954E+00,+23.4375000E-03,-3.9062499999539E+03
-30.0000E-06,+4.9312500954E+00,+19.5312500E-03,+5.8593749999816E+03
-29.9000E-06,+4.9312500954E+00,+15.6250000E-03,+1.9531250000369E+03
-29.8000E-06,+4.9312500954E+00,+23.4375000E-03,+9.7656249999818E+03
-29.7000E-06,+4.9312500954E+00,+23.4375000E-03,+5.8593750000182E+03
-29.6000E-06,+4.9312500954E+00,+23.4375000E-03,+9.7656249999545E+03
-29.5000E-06,+4.9312500954E+00,+23.4375000E-03,+9.1E-09
-29.4000E-06,+4.9312500954E+00,+27.3437500E-03,+1.9531249999818E+03
-29.3000E-06,+4.9312500954E+00,+19.5312500E-03,-1.9531250000364E+03
-29.2000E-06,+4.9312500954E+00,+27.3437500E-03,-9.7656249999640E+03
-29.1000E-06,+4.9273438454E+00,+23.4375000E-03,-1.9531250000180E+03
-29.0000E-06,+4.9312500954E+00,+19.5312500E-03,-5.8593749999910E+03
-28.9000E-06,+4.9312500954E+00,+19.5312500E-03,-3.9062499999820E+03
-28.8000E-06,+4.9273438454E+00,+23.4375000E-03,-18.0E-09
-28.7000E-06,+4.9273438454E+00,+19.5312500E-03,-3.9062500000090E+03
-28.6000E-06,+4.9312500954E+00,+23.4375000E-03,-5.8593749999822E+03
-28.5000E-06,+4.9312500954E+00,+19.5312500E-03,-1.9531250000444E+03
-28.4000E-06,+4.9273438454E+00,+19.5312500E-03,-11.7187499999289E+03
-28.3000E-06,+4.9312500954E+00,+15.6250000E-03,+3.9062499999911E+03
-28.2000E-06,+4.9273438454E+00,+15.6250000E-03,+1.9531250000178E+03
-28.1000E-06,+4.9234375954E+00,+23.4375000E-03,+5.8593750000444E+03
-28.0000E-06,+4.9273438454E+00,+19.5312500E-03,+15.6249999999474E+03
-27.9000E-06,+4.9312500954E+00,+19.5312500E-03,+3.9062500000088E+03
-27.8000E-06,+4.9273438454E+00,+27.3437500E-03,+5.8593750000000E+03
-27.7000E-06,+4.9312500954E+00,+23.4375000E-03,+5.8593749999298E+03
-27.6000E-06,+4.9273438454E+00,+23.4375000E-03,-9.7656249999386E+03
-27.5000E-06,+4.9273438454E+00,+23.4375000E-03,+3.9062499999562E+03
-27.4000E-06,+4.9312500954E+00,+19.5312500E-03,-5.8593750000000E+03
-27.3000E-06,+4.9312500954E+00,+27.3437500E-03,-5.8593749999740E+03
-27.2000E-06,+4.9351563454E+00,+19.5312500E-03,-52.0E-09
-27.1000E-06,+4.9312500954E+00,+19.5312500E-03,-11.7187499999740E+03
-27.0000E-06,+4.9312500954E+00,+23.4375000E-03,-5.8593749999913E+03
-26.9000E-06,+4.9312500954E+00,+19.5312500E-03,-3.9062500000260E+03
-26.8000E-06,+4.9312500954E+00,+15.6250000E-03,-9.7656249999402E+03
-26.7000E-06,+4.9351563454E+00,+19.5312500E-03,+3.9062500000000E+03
-26.6000E-06,+4.9351563454E+00,+15.6250000E-03,+3.9062500000342E+03
-26.5000E-06,+4.9312500954E+00,+19.5312500E-03,+11.7187500000085E+03
-26.4000E-06,+4.9312500954E+00,+19.5312500E-03,+13.6718749999658E+03
-26.3000E-06,+4.9273438454E+00,+27.3437500E-03,+5.8593750000171E+03
-26.2000E-06,+4.9312500954E+00,+23.4375000E-03,+9.7656249999409E+03
-26.1000E-06,+4.9351563454E+00,+23.4375000E-03,-3.9062499999747E+03
-26.0000E-06,+4.9351563454E+00,+23.4375000E-03,+1.9531249999663E+03
-25.9000E-06,+4.9273438454E+00,+23.4375000E-03,-5.8593749999831E+03
-25.8000E-06,+4.9273438454E+00,+23.4375000E-03,-1.9531249999916E+03
-25.7000E-06,+4.9312500954E+00,+19.5312500E-03,-16.8E-09
-25.6000E-06,+4.9273438454E+00,+23.4375000E-03,-3.9062499999665E+03
-25.5000E-06,+4.9312500954E+00,+23.4375000E-03,+3.9062499999917E+03
-25.4000E-06,+4.9273438454E+00,+19.5312500E-03,+1.9531249999917E+03
-25.3000E-06,+4.9273438454E+00,+23.4375000E-03,+41.6E-09
-25.2000E-06,+4.9312500954E+00,+23.4375000E-03,+9.7656249999421E+03
-25.1000E-06,+4.9273438454E+00,+23.4375000E-03,-3.9062499999917E+03
-25.0000E-06,+4.9273438454E+00,+27.3437500E-03,-1.9531250000000E+03
-24.9000E-06,+4.9312500954E+00,+19.5312500E-03,-1.9531250000493E+03
-24.8000E-06,+4.9273438454E+00,+23.4375000E-03,-13.6718749999425E+03
-24.7000E-06,+4.9273438454E+00,+23.4375000E-03,-8.2E-09
-24.6000E-06,+4.9234375954E+00,+15.6250000E-03,-1.9531249999836E+03
-24.5000E-06,+4.9273438454E+00,+19.5312500E-03,+1.9531250000329E+03
-24.4000E-06,+4.9273438454E+00,+23.4375000E-03,+9.7656249999754E+03
-24.3000E-06,+4.9312500954E+00,+23.4375000E-03,+3.9062499999919E+03
-24.2000E-06,+4.9234375954E+00,+23.4375000E-03,+1.9531250000000E+03
-24.1000E-06,+4.9273438454E+00,+23.4375000E-03,+1.9531249999514E+03
-24.0000E-06,+4.9312500954E+00,+23.4375000E-03,-9.7656249999600E+03
-23.9000E-06,+4.9273438454E+00,+23.4375000E-03,-48.0E-09
-23.8000E-06,+4.9273438454E+00,+19.5312500E-03,-11.7187499999600E+03
-23.7000E-06,+4.9312500954E+00,+23.4375000E-03,-1.9531249999840E+03
-23.6000E-06,+4.9312500954E+00,+15.6250000E-03,+1.9531249999760E+03
-23.5000E-06,+4.9234375954E+00,+23.4375000E-03,-3.9062499999281E+03
-23.4000E-06,+4.9312500954E+00,+19.5312500E-03,+13.6718749999440E+03
-23.3000E-06,+4.9273438454E+00,+19.5312500E-03,+16.0E-09
-23.2000E-06,+4.9312500954E+00,+27.3437500E-03,+3.9062500000000E+03
-23.1000E-06,+4.9312500954E+00,+23.4375000E-03,+3.9062499999764E+03
-23.0000E-06,+4.9312500954E+00,+19.5312500E-03,-1.9531249999921E+03
-22.9000E-06,+4.9312500954E+00,+23.4375000E-03,+7.9E-09
-22.8000E-06,+4.9351563454E+00,+23.4375000E-03,+1.9531249999689E+03
-22.7000E-06,+4.9312500954E+00,+23.4375000E-03,-5.8593749999767E+03
-22.6000E-06,+4.9273438454E+00,+23.4375000E-03,-15.5E-09
-22.5000E-06,+4.9312500954E+00,+19.5312500E-03,-3.9062500000000E+03
-22.4000E-06,+4.9312500954E+00,+23.4375000E-03,-3.9062499999845E+03
-22.3000E-06,+4.9273438454E+00,+19.5312500E-03,-7.8E-09
-22.2000E-06,+4.9351563454E+00,+19.5312500E-03,-1.9531250000078E+03
-22.1000E-06,+4.9312500954E+00,+23.4375000E-03,-3.9062499999922E+03
-22.0000E-06,+4.9312500954E+00,+23.4375000E-03,-1.9531250000153E+03
-21.9000E-06,+4.9273438454E+00,+15.6250000E-03,-5.8593749999847E+03
-21.8000E-06,+4.9312500954E+00,+19.5312500E-03,-1.9531250000000E+03
-21.7000E-06,+4.9273438454E+00,+19.5312500E-03,-1.9531249999849E+03
-21.6000E-06,+4.9312500954E+00,+19.5312500E-03,+1.9531250000000E+03
-21.5000E-06,+4.9312500954E+00,+15.6250000E-03,+1.9531249999925E+03
-21.4000E-06,+4.9312500954E+00,+23.4375000E-03,+22.6E-09
-21.3000E-06,+4.9312500954E+00,+19.5312500E-03,+5.8593749999547E+03
-21.2000E-06,+4.9273438454E+00,+19.5312500E-03,-5.8593749999547E+03
-21.1000E-06,+4.9273438454E+00,+19.5312500E-03,+5.8593749999698E+03
-21.0000E-06,+4.9312500954E+00,+19.5312500E-03,-1.9531249999925E+03
-20.9000E-06,+4.9312500954E+00,+23.4375000E-03,+45.3E-09
-20.8000E-06,+4.9312500954E+00,+15.6250000E-03,+11.7187499999554E+03
-20.7000E-06,+4.9351563454E+00,+19.5312500E-03,+44.6E-09
-20.6000E-06,+4.9273438454E+00,+27.3437500E-03,+11.7187499999926E+03
-20.5000E-06,+4.9273438454E+00,+19.5312500E-03,+9.7656249999560E+03
-20.4000E-06,+4.9273438454E+00,+23.4375000E-03,-1.9531249999707E+03
-20.3000E-06,+4.9312500954E+00,+27.3437500E-03,+5.8593749999560E+03
-20.2000E-06,+4.9273438454E+00,+23.4375000E-03,-5.8593749999927E+03
-20.1000E-06,+4.9312500954E+00,+23.4375000E-03,-3.9062499999853E+03
-20.0000E-06,+4.9273438454E+00,+19.5312500E-03,-36.6E-09
-19.9000E-06,+4.9273438454E+00,+23.4375000E-03,-9.7656249999560E+03
-19.8000E-06,+4.9273438454E+00,+23.4375000E-03,+1.9531249999707E+03
-19.7000E-06,+4.9273438454E+00,+19.5312500E-03,-5.8593749999854E+03
-19.6000E-06,+4.9312500954E+00,+23.4375000E-03,-1.9531249999928E+03
-19.5000E-06,+4.9312500954E+00,+19.5312500E-03,-7.2E-09
-19.4000E-06,+4.9273438454E+00,+19.5312500E-03,-1.9531249999711E+03
-19.3000E-06,+4.9312500954E+00,+19.5312500E-03,+5.8593749999716E+03
-19.2000E-06,+4.9312500954E+00,+23.4375000E-03,-1.9531249999574E+03
-19.1000E-06,+4.9273438454E+00,+23.4375000E-03,+9.7656249999432E+03
-19.0000E-06,+4.9312500954E+00,+19.5312500E-03,-5.8593749999574E+03
-18.9000E-06,+4.9312500954E+00,+23.4375000E-03,+5.8593749999787E+03
-18.8000E-06,+4.9273438454E+00,+19.5312500E-03,-7.1E-09
-18.7000E-06,+4.9273438454E+00,+27.3437500E-03,-1.9531249999361E+03
-18.6000E-06,+4.9273438454E+00,+15.6250000E-03,+15.6249999999005E+03
-18.5000E-06,+4.9312500954E+00,+23.4375000E-03,-11.7187499999147E+03
-18.4000E-06,+4.9312500954E+00,+31.2500000E-03,+11.7187499999371E+03
-18.3000E-06,+4.9273438454E+00,+19.5312500E-03,-5.8593750000000E+03
-18.2000E-06,+4.9312500954E+00,+23.4375000E-03,-5.8593749999650E+03
-18.1000E-06,+4.9273438454E+00,+19.5312500E-03,+3.9062499999449E+03
-18.0000E-06,+4.9273438454E+00,+23.4375000E-03,-11.7187499999380E+03
-17.9000E-06,+4.9312500954E+00,+23.4375000E-03,+5.8593749999725E+03
-17.8000E-06,+4.9312500954E+00,+19.5312500E-03,-1.9531249999794E+03
-17.7000E-06,+4.9273438454E+00,+23.4375000E-03,+3.9062500000207E+03
-17.6000E-06,+4.9273438454E+00,+19.5312500E-03,+9.7656249999794E+03
-17.5000E-06,+4.9273438454E+00,+23.4375000E-03,+3.9062500000000E+03
-17.4000E-06,+4.9312500954E+00,+27.3437500E-03,+3.9062499999862E+03
-17.3000E-06,+4.9312500954E+00,+27.3437500E-03,-20.7E-09
-17.2000E-06,+4.9273438454E+00,+23.4375000E-03,-5.8593749999932E+03
-17.1000E-06,+4.9312500954E+00,+23.4375000E-03,-3.9062500000000E+03
-17.0000E-06,+4.9273438454E+00,+19.5312500E-03,-3.9062500000067E+03
-16.9000E-06,+4.9273438454E+00,+23.4375000E-03,-5.8593749999867E+03
-16.8000E-06,+4.9273438454E+00,+23.4375000E-03,-1.9531250000333E+03
-16.7000E-06,+4.9273438454E+00,+23.4375000E-03,-11.7187499999800E+03
-16.6000E-06,+4.9273438454E+00,+19.5312500E-03,-5.8593750000000E+03
-16.5000E-06,+4.9273438454E+00,+15.6250000E-03,-5.8593750000000E+03
-16.4000E-06,+4.9273438454E+00,+19.5312500E-03,-5.8593749999734E+03
-16.3000E-06,+4.9273438454E+00,+19.5312500E-03,+1.9531250000000E+03
-16.2000E-06,+4.9312500954E+00,+15.6250000E-03,+1.9531249999933E+03
-16.1000E-06,+4.9351563454E+00,+19.5312500E-03,+32.8E-09
-16.0000E-06,+4.9351563454E+00,+19.5312500E-03,+9.7656249999542E+03
-15.9000E-06,+4.9351563454E+00,+19.5312500E-03,-3.9062499999804E+03
-15.8000E-06,+4.9234375954E+00,+23.4375000E-03,+1.9531250000000E+03
-15.7000E-06,+4.9234375954E+00,+15.6250000E-03,+1.9531249999871E+03
-15.6000E-06,+4.9312500954E+00,+19.5312500E-03,-1.9531249999549E+03
-15.5000E-06,+4.9312500954E+00,+19.5312500E-03,+11.7187499999742E+03
-15.4000E-06,+4.9234375954E+00,+19.5312500E-03,+3.9062500000064E+03
-15.3000E-06,+4.9273438454E+00,+23.4375000E-03,+5.8593750000000E+03
-15.2000E-06,+4.9273438454E+00,+23.4375000E-03,+5.8593749999742E+03
-15.1000E-06,+4.9312500954E+00,+23.4375000E-03,-1.9531249999936E+03
-15.0000E-06,+4.9273438454E+00,+23.4375000E-03,-6.4E-09
-14.9000E-06,+4.9312500954E+00,+19.5312500E-03,-1.9531250000064E+03
-14.8000E-06,+4.9312500954E+00,+23.4375000E-03,-3.9062499999871E+03
-14.7000E-06,+4.9312500954E+00,+23.4375000E-03,+0.0E+00
-14.6000E-06,+4.9273438454E+00,+19.5312500E-03,+0.0E+00
-14.5000E-06,+4.9312500954E+00,+19.5312500E-03,+13.1E-09
-14.4000E-06,+4.9312500954E+00,+23.4375000E-03,+3.9062499999869E+03
-14.3000E-06,+4.9312500954E+00,+23.4375000E-03,+0.0E+00
-14.2000E-06,+4.9312500954E+00,+23.4375000E-03,+0.0E+00
-14.1000E-06,+4.9273438454E+00,+19.5312500E-03,-13.3E-09
-14.0000E-06,+4.9273438454E+00,+23.4375000E-03,-3.9062499999867E+03
-13.9000E-06,+4.9273438454E+00,+23.4375000E-03,+6.7E-09
-13.8000E-06,+4.9273438454E+00,+19.5312500E-03,+1.9531250000000E+03
-13.7000E-06,+4.9273438454E+00,+19.5312500E-03,+1.9531250000267E+03
-13.6000E-06,+4.9351563454E+00,+23.4375000E-03,+9.7656249999734E+03
-13.5000E-06,+4.9273438454E+00,+23.4375000E-03,+1.9531250000000E+03
-13.4000E-06,+4.9351563454E+00,+27.3437500E-03,+1.9531249999800E+03
-13.3000E-06,+4.9312500954E+00,+23.4375000E-03,-3.9062500000000E+03
-13.2000E-06,+4.9312500954E+00,+23.4375000E-03,-3.9062500000000E+03
-13.1000E-06,+4.9273438454E+00,+19.5312500E-03,-3.9062499999867E+03
-13.0000E-06,+4.9351563454E+00,+23.4375000E-03,+6.8E-09
-12.9000E-06,+4.9312500954E+00,+19.5312500E-03,+1.9531250000068E+03
-12.8000E-06,+4.9312500954E+00,+23.4375000E-03,+3.9062499999797E+03
-12.7000E-06,+4.9312500954E+00,+23.4375000E-03,-1.9531250000000E+03
-12.6000E-06,+4.9312500954E+00,+27.3437500E-03,-1.9531250000271E+03
-12.5000E-06,+4.9312500954E+00,+19.5312500E-03,-9.7656250000000E+03
-12.4000E-06,+4.9273438454E+00,+23.4375000E-03,-9.7656249999656E+03
-12.3000E-06,+4.9312500954E+00,+15.6250000E-03,+0.0E+00
-12.2000E-06,+4.9273438454E+00,+19.5312500E-03,+41.3E-09
-12.1000E-06,+4.9312500954E+00,+19.5312500E-03,+11.7187499999793E+03
-12.0000E-06,+4.9273438454E+00,+23.4375000E-03,+5.8593750000138E+03
-11.9000E-06,+4.9273438454E+00,+23.4375000E-03,+9.7656249999587E+03
-11.8000E-06,+4.9234375954E+00,+27.3437500E-03,-1.9531249999794E+03
-11.7000E-06,+4.9351563454E+00,+23.4375000E-03,+3.9062499999725E+03
-11.6000E-06,+4.9312500954E+00,+19.5312500E-03,-3.9062499999725E+03
-11.5000E-06,+4.9273438454E+00,+23.4375000E-03,+3.9062499999930E+03
-11.4000E-06,+4.9312500954E+00,+23.4375000E-03,+1.9531249999930E+03
-11.3000E-06,+4.9312500954E+00,+27.3437500E-03,+7.0E-09
-11.2000E-06,+4.9234375954E+00,+23.4375000E-03,+1.9531249999860E+03
-11.1000E-06,+4.9273438454E+00,+23.4375000E-03,-1.9531250000000E+03
-11.0000E-06,+4.9312500954E+00,+23.4375000E-03,-1.9531249999790E+03
-10.9000E-06,+4.9312500954E+00,+23.4375000E-03,+3.9062499999716E+03
-10.8000E-06,+4.9312500954E+00,+23.4375000E-03,-3.9062499999716E+03
-10.7000E-06,+4.9312500954E+00,+27.3437500E-03,+3.9062499999858E+03
-10.6000E-06,+4.9312500954E+00,+19.5312500E-03,-14.2E-09
-10.5000E-06,+4.9312500954E+00,+27.3437500E-03,-3.9062499999787E+03
-10.4000E-06,+4.9312500954E+00,+23.4375000E-03,+1.9531249999787E+03
-10.3000E-06,+4.9312500954E+00,+23.4375000E-03,-3.9062499999929E+03
-10.2000E-06,+4.9312500954E+00,+23.4375000E-03,-1.9531249999787E+03
-10.1000E-06,+4.9312500954E+00,+23.4375000E-03,+3.9062499999858E+03
-10.0000E-06,+4.9312500954E+00,+19.5312500E-03,+14.4E-09
-9.9000E-06,+4.9312500954E+00,+27.3437500E-03,+3.9062499999928E+03
-9.8000E-06,+4.9351563454E+00,+23.4375000E-03,+1.9531249999784E+03
-9.7000E-06,+4.9312500954E+00,+27.3437500E-03,-3.9062499999856E+03
-9.6000E-06,+4.9312500954E+00,+23.4375000E-03,-14.4E-09
-9.5000E-06,+4.9273438454E+00,+23.4375000E-03,-3.9062499999639E+03
-9.4000E-06,+4.9312500954E+00,+19.5312500E-03,+5.8593749999927E+03
-9.3000E-06,+4.9312500954E+00,+23.4375000E-03,+3.9062500000073E+03
-9.2000E-06,+4.9312500954E+00,+27.3437500E-03,+5.8593749999854E+03
-9.1000E-06,+4.9312500954E+00,+27.3437500E-03,+1.9531249999560E+03
-9.0000E-06,+4.9273438454E+00,+27.3437500E-03,-9.7656250000073E+03
-8.9000E-06,+4.9273438454E+00,+27.3437500E-03,-11.7187500000073E+03
-8.8000E-06,+4.9273438454E+00,+19.5312500E-03,-13.6718750000000E+03
-8.7000E-06,+4.9234375954E+00,+19.5312500E-03,-13.6718749999560E+03
-8.6000E-06,+4.9273438454E+00,+19.5312500E-03,-1.9531249999927E+03
-8.5000E-06,+4.9312500954E+00,+19.5312500E-03,+14.7E-09
-8.4000E-06,+4.9312500954E+00,+19.5312500E-03,+3.9062500000074E+03
-8.3000E-06,+4.9312500954E+00,+19.5312500E-03,+5.8593749999777E+03
-8.2000E-06,+4.9312500954E+00,+23.4375000E-03,+0.0E+00
-8.1000E-06,+4.9312500954E+00,+27.3437500E-03,-7.4E-09
-8.0000E-06,+4.9312500954E+00,+19.5312500E-03,-1.9531249999851E+03
-7.9000E-06,+4.9351563454E+00,+15.6250000E-03,+1.9531249999926E+03
-7.8000E-06,+4.9312500954E+00,+19.5312500E-03,+37.7E-09
-7.7000E-06,+4.9273438454E+00,+27.3437500E-03,+9.7656249999623E+03
-7.6000E-06,+4.9312500954E+00,+23.4375000E-03,+7.5E-09
-7.5000E-06,+4.9273438454E+00,+23.4375000E-03,+1.9531250000076E+03
-7.4000E-06,+4.9273438454E+00,+15.6250000E-03,+3.9062499999623E+03
-7.3000E-06,+4.9312500954E+00,+27.3437500E-03,-5.8593749999698E+03
-7.2000E-06,+4.9312500954E+00,+27.3437500E-03,+1.9531249999698E+03
-7.1000E-06,+4.9312500954E+00,+19.5312500E-03,-5.8593750000000E+03
-7.0000E-06,+4.9312500954E+00,+19.5312500E-03,-5.8593749999925E+03
-6.9000E-06,+4.9312500954E+00,+23.4375000E-03,-3.9062499999925E+03
-6.8000E-06,+4.9312500954E+00,+19.5312500E-03,-1.9531250000000E+03
-6.7000E-06,+4.9312500954E+00,+19.5312500E-03,-1.9531249999703E+03
-6.6000E-06,+4.9273438454E+00,+19.5312500E-03,+5.8593749999926E+03
-6.5000E-06,+4.9273438454E+00,+19.5312500E-03,+3.9062500000074E+03
-6.4000E-06,+4.9273438454E+00,+23.4375000E-03,+5.8593750000149E+03
-6.3000E-06,+4.9312500954E+00,+23.4375000E-03,+9.7656249999703E+03
-6.2000E-06,+4.9312500954E+00,+23.4375000E-03,+1.9531250000149E+03
-6.1000E-06,+4.9273438454E+00,+23.4375000E-03,+5.8593749999777E+03
-6.0000E-06,+4.9273438454E+00,+23.4375000E-03,+7.4E-09
-5.9000E-06,+4.9312500954E+00,+27.3437500E-03,+1.9531249999926E+03
-5.8000E-06,+4.9351563454E+00,+23.4375000E-03,+0.0E+00
-5.7000E-06,+4.9312500954E+00,+23.4375000E-03,+0.0E+00
-5.6000E-06,+4.9234375954E+00,+23.4375000E-03,-7.4E-09
-5.5000E-06,+4.9312500954E+00,+27.3437500E-03,-1.9531249999926E+03
-5.4000E-06,+4.9312500954E+00,+23.4375000E-03,-22.3E-09
-5.3000E-06,+4.9312500954E+00,+23.4375000E-03,-5.8593749999628E+03
-5.2000E-06,+4.9312500954E+00,+23.4375000E-03,+3.9062499999479E+03
-5.1000E-06,+4.9273438454E+00,+23.4375000E-03,-9.7656249999182E+03
-5.0000E-06,+4.9273438454E+00,+23.4375000E-03,+11.7187499999331E+03
-4.9000E-06,+4.9351563454E+00,+19.5312500E-03,-5.8593749999703E+03
-4.8000E-06,+4.9312500954E+00,+31.2500000E-03,+1.9531249999926E+03
-4.7000E-06,+4.9312500954E+00,+19.5312500E-03,-52.1E-09
-4.6000E-06,+4.9273438454E+00,+27.3437500E-03,-13.6718749999331E+03
-4.5000E-06,+4.9312500954E+00,+19.5312500E-03,+3.9062499999479E+03
-4.4000E-06,+4.9195313454E+00,+19.5312500E-03,-9.7656249999628E+03
-4.3000E-06,+4.9273438454E+00,+23.4375000E-03,-7.4E-09
-4.2000E-06,+4.9234375954E+00,+23.4375000E-03,-1.9531250000000E+03
-4.1000E-06,+4.9273438454E+00,+19.5312500E-03,-1.9531250000149E+03
-4.0000E-06,+4.9234375954E+00,+23.4375000E-03,-5.8593749999703E+03
-3.9000E-06,+4.9312500954E+00,+19.5312500E-03,+1.9531249999851E+03
-3.8000E-06,+4.9273438454E+00,+15.6250000E-03,-1.9531249999851E+03
-3.7000E-06,+4.9273438454E+00,+23.4375000E-03,+1.9531250000149E+03
-3.6000E-06,+4.9273438454E+00,+23.4375000E-03,+5.8593749999777E+03
-3.5000E-06,+4.9273438454E+00,+19.5312500E-03,+37.2E-09
-3.4000E-06,+4.9312500954E+00,+19.5312500E-03,+9.7656249999628E+03
-3.3000E-06,+4.9312500954E+00,+23.4375000E-03,+14.9E-09
-3.2000E-06,+4.9273438454E+00,+27.3437500E-03,+3.9062499999851E+03
-3.1000E-06,+4.9273438454E+00,+19.5312500E-03,-14.9E-09
-3.0000E-06,+4.9312500954E+00,+23.4375000E-03,-3.9062499999851E+03
-2.9000E-06,+4.9312500954E+00,+23.4375000E-03,-37.2E-09
-2.8000E-06,+4.9273438454E+00,+23.4375000E-03,-9.7656249999554E+03
-2.7000E-06,+4.9312500954E+00,+19.5312500E-03,+1.9531249999703E+03
-2.6000E-06,+4.9273438454E+00,+19.5312500E-03,-5.8593749999560E+03
-2.5000E-06,+4.9273438454E+00,+23.4375000E-03,+5.8593749999854E+03
-2.4000E-06,+4.9273438454E+00,+19.5312500E-03,+1.9531250000147E+03
-2.3000E-06,+4.9312500954E+00,+23.4375000E-03,+5.8593750000293E+03
-2.2000E-06,+4.9273438454E+00,+19.5312500E-03,+13.6718749999487E+03
-2.1000E-06,+4.9273438454E+00,+27.3437500E-03,+51.3E-09
-2.0000E-06,+4.9312500954E+00,+27.3437500E-03,+13.6718749999267E+03
-1.9000E-06,+4.9273438454E+00,+23.4375000E-03,-5.8593749999707E+03
-1.8000E-06,+4.9273438454E+00,+27.3437500E-03,+1.9531249999560E+03
-1.7000E-06,+4.9273438454E+00,+23.4375000E-03,-9.7656249999780E+03
-1.6000E-06,+4.9312500954E+00,+27.3437500E-03,-3.9062500000220E+03
-1.5000E-06,+4.9273438454E+00,+19.5312500E-03,-9.7656249999707E+03
-1.4000E-06,+4.9312500954E+00,+23.4375000E-03,-1.9531250000073E+03
-1.3000E-06,+4.9273438454E+00,+19.5312500E-03,-3.9062500000000E+03
-1.2000E-06,+4.9312500954E+00,+27.3437500E-03,-3.9062499999707E+03
-1.1000E-06,+4.9273438454E+00,+15.6250000E-03,+3.9062499999487E+03
-1.0000E-06,+4.9273438454E+00,+23.4375000E-03,-9.7656249999267E+03
-900.0E-09,+4.9273438454E+00,+23.4375000E-03,+9.7656249999560E+03
-800.0E-09,+4.9312500954E+00,+19.5312500E-03,-1.9531249999707E+03
-700.0E-09,+4.9312500954E+00,+19.5312500E-03,+5.8593749999854E+03
-600.0E-09,+4.9234375954E+00,+23.4375000E-03,+1.9531249999854E+03
-500.0E-09,+4.9234375954E+00,+27.3437500E-03,-1.9531250000147E+03
-400.0E-09,+4.9273438454E+00,+23.4375000E-03,-5.8593750000147E+03
-300.0E-09,+4.9273438454E+00,+19.5312500E-03,-9.7656250000000E+03
-200.0E-09,+4.9273438454E+00,+19.5312500E-03,-9.7656249999707E+03
-100.0E-09,+4.8296875954E+00,+19.5312500E-03,-1.9531249999560E+03
+0.0E+00,+595.3125954E-03,+15.6250000E-03,+9.7656250000147E+03
+100.0E-09,-72.6561546E-03,+19.5312500E-03,+13.6718750000440E+03
+200.0E-09,-76.5624046E-03,+23.4375000E-03,+25.3906250000220E+03
+300.0E-09,-72.6561546E-03,+23.4375000E-03,+31.2499999999780E+03
+400.0E-09,-80.4686546E-03,+31.2500000E-03,+25.3906250000513E+03
+500.0E-09,-76.5624046E-03,+35.1562500E-03,+39.0624999999707E+03
+600.0E-09,-68.7499046E-03,+31.2500000E-03,+31.2500000000147E+03
+700.0E-09,-76.5624046E-03,+39.0625000E-03,+35.1562500000147E+03
+800.0E-09,-64.8436546E-03,+42.9687500E-03,+39.0624999999634E+03
+900.0E-09,-68.7499046E-03,+50.7812500E-03,+29.2968750000366E+03
+1.0000E-06,-64.8436546E-03,+50.7812500E-03,+39.0624999999487E+03
+1.1000E-06,-64.8436546E-03,+50.7812500E-03,+25.3906250000659E+03
+1.2000E-06,-60.9374046E-03,+54.6875000E-03,+42.9687499999634E+03
+1.3000E-06,-60.9374046E-03,+58.5937500E-03,+33.2031250000366E+03
+1.4000E-06,-60.9374046E-03,+70.3125000E-03,+42.9687500000073E+03
+1.5000E-06,-57.0311546E-03,+66.4062500E-03,+44.9218750000000E+03
+1.6000E-06,-53.1249046E-03,+74.2187500E-03,+44.9218750000953E+03
+1.7000E-06,-49.2186546E-03,+74.2187500E-03,+70.3125000000366E+03
+1.8000E-06,-57.0311546E-03,+82.0312500E-03,+80.0781250001466E+03
+1.9000E-06,-49.2186546E-03,+93.7500000E-03,+119.140625000403E+03
+2.0000E-06,-45.3124046E-03,+105.4687500E-03,+226.562500000821E+03
+2.1000E-06,-45.3124046E-03,+117.1875000E-03,+445.312500001502E+03
+2.2000E-06,-45.3124046E-03,+136.7187500E-03,+845.703125002213E+03
+2.3000E-06,-45.3124046E-03,+171.8750000E-03,+1.43554687500234E+06
+2.4000E-06,-49.2186546E-03,+328.1250000E-03,+2.06054687500220E+06
+2.5000E-06,-45.3124046E-03,+632.8125000E-03,+2.64648437500140E+06
+2.6000E-06,-45.3124046E-03,+992.1875000E-03,+3.01953125000038E+06
+2.7000E-06,-41.4061546E-03,+1.3593750000E+00,+3.12109374999971E+06
+2.8000E-06,-45.3124046E-03,+1.6914062500E+00,+3.04296874999915E+06
+2.9000E-06,-41.4061546E-03,+1.9765625000E+00,+2.81640624999905E+06
+3.0000E-06,-45.3124046E-03,+2.2421875000E+00,+2.56249999999912E+06
+3.1000E-06,-45.3124046E-03,+2.4804687500E+00,+2.32812499999916E+06
+3.2000E-06,-41.4061546E-03,+2.6992187500E+00,+2.10546874999930E+06
+3.3000E-06,-53.1249046E-03,+2.8984375000E+00,+1.91992187499936E+06
+3.4000E-06,-53.1249046E-03,+3.0781250000E+00,+1.74999999999942E+06
+3.5000E-06,-49.2186546E-03,+3.2421875000E+00,+1.59570312499952E+06
+3.6000E-06,-53.1249046E-03,+3.3906250000E+00,+1.46874999999955E+06
+3.7000E-06,-45.3124046E-03,+3.5273437500E+00,+1.34765624999958E+06
+3.8000E-06,-49.2186546E-03,+3.6601562500E+00,+1.23632812499960E+06
+3.9000E-06,-53.1249046E-03,+3.7773437500E+00,+1.12890624999958E+06
+4.0000E-06,-45.3124046E-03,+3.8867187500E+00,+1.01757812499963E+06
+4.1000E-06,-45.3124046E-03,+3.9843750000E+00,+917.968749999648E+03
+4.2000E-06,-45.3124046E-03,+4.0664062500E+00,+824.218749999714E+03
+4.3000E-06,-45.3124046E-03,+4.1367187500E+00,+748.046874999758E+03
+4.4000E-06,-49.2186546E-03,+4.2070312500E+00,+683.593749999780E+03
+4.5000E-06,-49.2186546E-03,+4.2773437500E+00,+624.999999999780E+03
+4.6000E-06,-49.2186546E-03,+4.3398437500E+00,+566.406249999788E+03
+4.7000E-06,-49.2186546E-03,+4.3906250000E+00,+509.765624999824E+03
+4.8000E-06,-45.3124046E-03,+4.4335937500E+00,+462.890624999846E+03
+4.9000E-06,-45.3124046E-03,+4.4765625000E+00,+421.874999999890E+03
+5.0000E-06,-49.2186546E-03,+4.5195312500E+00,+392.578124999905E+03
+5.1000E-06,-45.3124046E-03,+4.5546875000E+00,+367.187499999912E+03
+5.2000E-06,-45.3124046E-03,+4.5898437500E+00,+343.749999999905E+03
+5.3000E-06,-45.3124046E-03,+4.6250000000E+00,+318.359374999905E+03
+5.4000E-06,-41.4061546E-03,+4.6562500000E+00,+292.968749999890E+03
+5.5000E-06,-45.3124046E-03,+4.6835937500E+00,+263.671874999875E+03
+5.6000E-06,-45.3124046E-03,+4.7109375000E+00,+230.468749999905E+03
+5.7000E-06,-41.4061546E-03,+4.7304687500E+00,+205.078124999927E+03
+5.8000E-06,-45.3124046E-03,+4.7460937500E+00,+185.546874999905E+03
+5.9000E-06,-41.4061546E-03,+4.7656250000E+00,+160.156249999993E+03
+6.0000E-06,-41.4061546E-03,+4.7812500000E+00,+158.203124999941E+03
+6.1000E-06,-41.4061546E-03,+4.7890625000E+00,+142.578124999956E+03
+6.2000E-06,-41.4061546E-03,+4.8125000000E+00,+130.859374999993E+03
+6.3000E-06,-45.3124046E-03,+4.8242187500E+00,+128.906249999929E+03
+6.4000E-06,-45.3124046E-03,+4.8320312500E+00,+109.374999999979E+03
+6.5000E-06,-41.4061546E-03,+4.8437500000E+00,+103.515624999964E+03
+6.6000E-06,-41.4061546E-03,+4.8554687500E+00,+93.7499999999787E+03
+6.7000E-06,-37.4999046E-03,+4.8632812500E+00,+87.8906249999787E+03
+6.8000E-06,-37.4999046E-03,+4.8710937500E+00,+82.0312499999716E+03
+6.9000E-06,-41.4061546E-03,+4.8789062500E+00,+74.2187499999929E+03
+7.0000E-06,-33.5936546E-03,+4.8867187500E+00,+72.2656249999503E+03
+7.1000E-06,-41.4061546E-03,+4.8945312500E+00,+58.5937499999858E+03
+7.2000E-06,-45.3124046E-03,+4.9023437500E+00,+54.6874999999574E+03
+7.3000E-06,-37.4999046E-03,+4.9023437500E+00,+42.9687499999858E+03
+7.4000E-06,-41.4061546E-03,+4.9101562500E+00,+39.0624999999858E+03
+7.5000E-06,-37.4999046E-03,+4.9101562500E+00,+35.1562500000000E+03
+7.6000E-06,-37.4999046E-03,+4.9140625000E+00,+35.1562499999858E+03
+7.7000E-06,-37.4999046E-03,+4.9179687500E+00,+31.2500000000071E+03
+7.8000E-06,-45.3124046E-03,+4.9257812500E+00,+33.2031249999716E+03
+7.9000E-06,-41.4061546E-03,+4.9218750000E+00,+25.3906249999927E+03
+8.0000E-06,-41.4061546E-03,+4.9296875000E+00,+23.4374999999927E+03
+8.1000E-06,-41.4061546E-03,+4.9296875000E+00,+21.4843749999780E+03
+8.2000E-06,-41.4061546E-03,+4.9335937500E+00,+15.6250000000293E+03
+8.3000E-06,-41.4061546E-03,+4.9296875000E+00,+23.4374999999560E+03
+8.4000E-06,-41.4061546E-03,+4.9375000000E+00,+11.7187500000513E+03
+8.5000E-06,-37.4999046E-03,+4.9375000000E+00,+25.3906249999487E+03
+8.6000E-06,-45.3124046E-03,+4.9375000000E+00,+11.7187500000073E+03
+8.7000E-06,-41.4061546E-03,+4.9453125000E+00,+13.6718750000000E+03
+8.8000E-06,-41.4061546E-03,+4.9414062500E+00,+13.6718749999707E+03
+8.9000E-06,-41.4061546E-03,+4.9414062500E+00,+5.8593750000220E+03
+9.0000E-06,-45.3124046E-03,+4.9453125000E+00,+11.7187500000000E+03
+9.1000E-06,-41.4061546E-03,+4.9453125000E+00,+11.7187500000000E+03
+9.2000E-06,-37.4999046E-03,+4.9453125000E+00,+11.7187500000000E+03
+9.3000E-06,-41.4061546E-03,+4.9492187500E+00,+11.7187500000000E+03
+9.4000E-06,-45.3124046E-03,+4.9492187500E+00,+11.7187499999925E+03
+9.5000E-06,-41.4061546E-03,+4.9492187500E+00,+9.7656249999774E+03
+9.6000E-06,-37.4999046E-03,+4.9531250000E+00,+3.9062500000076E+03
+9.7000E-06,-45.3124046E-03,+4.9531250000E+00,+5.8593749999849E+03
+9.8000E-06,-37.4999046E-03,+4.9492187500E+00,+1.9531250000000E+03
+9.9000E-06,-45.3124046E-03,+4.9531250000E+00,+1.9531250000076E+03
+10.0000E-06,-41.4061546E-03,+4.9531250000E+00,+3.9062499999925E+03
+10.1000E-06,-33.5936546E-03,+4.9531250000E+00,+1.9531250000076E+03
+10.2000E-06,-41.4061546E-03,+4.9531250000E+00,+3.9062500000000E+03
+10.3000E-06,-41.4061546E-03,+4.9531250000E+00,+3.9062500000076E+03
+10.4000E-06,-41.4061546E-03,+4.9531250000E+00,+5.8593749999849E+03
+10.5000E-06,-41.4061546E-03,+4.9570312500E+00,+1.9531250000151E+03
+10.6000E-06,-45.3124046E-03,+4.9570312500E+00,+5.8593749999925E+03
+10.7000E-06,-41.4061546E-03,+4.9531250000E+00,+3.9062500000000E+03
+10.8000E-06,-41.4061546E-03,+4.9570312500E+00,+3.9062500000227E+03
+10.9000E-06,-37.4999046E-03,+4.9570312500E+00,+9.7656249999774E+03
+11.0000E-06,-45.3124046E-03,+4.9570312500E+00,+3.9062500000000E+03
+11.1000E-06,-41.4061546E-03,+4.9609375000E+00,+3.9062499999845E+03
+11.2000E-06,-37.4999046E-03,+4.9609375000E+00,+7.8E-09
+11.3000E-06,-41.4061546E-03,+4.9570312500E+00,+1.9531249999845E+03
+11.4000E-06,-33.5936546E-03,+4.9570312500E+00,-1.9531249999767E+03
+11.5000E-06,-41.4061546E-03,+4.9609375000E+00,+3.9062500000000E+03
+11.6000E-06,-45.3124046E-03,+4.9570312500E+00,+3.9062499999922E+03
+11.7000E-06,-41.4061546E-03,+4.9609375000E+00,+1.9531250000155E+03
+11.8000E-06,-41.4061546E-03,+4.9609375000E+00,+5.8593749999689E+03
+11.9000E-06,-45.3124046E-03,+4.9609375000E+00,-1.9531249999845E+03
+12.0000E-06,-45.3124046E-03,+4.9609375000E+00,+1.9531249999689E+03
+12.1000E-06,-41.4061546E-03,+4.9609375000E+00,-5.8593749999922E+03
+12.2000E-06,-37.4999046E-03,+4.9609375000E+00,-3.9062500000000E+03
+12.3000E-06,-41.4061546E-03,+4.9570312500E+00,-3.9062500000311E+03
+12.4000E-06,-41.4061546E-03,+4.9609375000E+00,-11.7187499999440E+03
+12.5000E-06,-41.4061546E-03,+4.9570312500E+00,+1.9531249999840E+03
+12.6000E-06,-41.4061546E-03,+4.9531250000E+00,-1.9531249999920E+03
+12.7000E-06,-45.3124046E-03,+4.9609375000E+00,+48.0E-09
+12.8000E-06,-37.4999046E-03,+4.9570312500E+00,+11.7187499999440E+03
+12.9000E-06,-49.2186546E-03,+4.9570312500E+00,-1.9531249999840E+03
+13.0000E-06,-41.4061546E-03,+4.9648437500E+00,+1.9531250000000E+03
+13.1000E-06,-45.3124046E-03,+4.9570312500E+00,+1.9531249999680E+03
+13.2000E-06,-45.3124046E-03,+4.9570312500E+00,-5.8593749999760E+03
+13.3000E-06,-49.2186546E-03,+4.9609375000E+00,+0.0E+00
+13.4000E-06,-45.3124046E-03,+4.9570312500E+00,-8.0E-09
+13.5000E-06,-45.3124046E-03,+4.9570312500E+00,-1.9531249999920E+03
+13.6000E-06,-45.3124046E-03,+4.9609375000E+00,+16.0E-09
+13.7000E-06,-45.3124046E-03,+4.9570312500E+00,+3.9062499999760E+03
+13.8000E-06,-37.4999046E-03,+4.9570312500E+00,-1.9531249999760E+03
+13.9000E-06,-41.4061546E-03,+4.9609375000E+00,+3.9062500000000E+03
+14.0000E-06,-45.3124046E-03,+4.9570312500E+00,+3.9062499999760E+03
+14.1000E-06,-45.3124046E-03,+4.9609375000E+00,-1.9531249999680E+03
+14.2000E-06,-45.3124046E-03,+4.9609375000E+00,+5.8593749999754E+03
+14.3000E-06,-41.4061546E-03,+4.9570312500E+00,+8.2E-09
+14.4000E-06,-45.3124046E-03,+4.9609375000E+00,+1.9531250000000E+03
+14.5000E-06,-41.4061546E-03,+4.9609375000E+00,+1.9531249999836E+03
+14.6000E-06,-41.4061546E-03,+4.9609375000E+00,-1.9531250000082E+03
+14.7000E-06,-41.4061546E-03,+4.9609375000E+00,-3.9062500000000E+03
+14.8000E-06,-53.1249046E-03,+4.9609375000E+00,-3.9062500000000E+03
+14.9000E-06,-41.4061546E-03,+4.9570312500E+00,-3.9062499999836E+03
+15.0000E-06,-45.3124046E-03,+4.9570312500E+00,+0.0E+00
+15.1000E-06,-45.3124046E-03,+4.9570312500E+00,+8.2E-09
+15.2000E-06,-45.3124046E-03,+4.9609375000E+00,+1.9531249999836E+03
+15.3000E-06,-45.3124046E-03,+4.9609375000E+00,-1.9531250000082E+03
+15.4000E-06,-41.4061546E-03,+4.9609375000E+00,-3.9062499999754E+03
+15.5000E-06,-45.3124046E-03,+4.9531250000E+00,+1.9531249999754E+03
+15.6000E-06,-45.3124046E-03,+4.9570312500E+00,-3.9062499999343E+03
+15.7000E-06,-45.3124046E-03,+4.9609375000E+00,+11.7187499999589E+03
+15.8000E-06,-45.3124046E-03,+4.9570312500E+00,+1.9531250000164E+03
+15.9000E-06,-45.3124046E-03,+4.9609375000E+00,+5.8593749999754E+03
+16.0000E-06,-45.3124046E-03,+4.9609375000E+00,-16.0E-09
+16.1000E-06,-49.2186546E-03,+4.9648437500E+00,-3.9062499999920E+03
+16.2000E-06,-41.4061546E-03,+4.9570312500E+00,-1.9531250000080E+03
+16.3000E-06,-45.3124046E-03,+4.9570312500E+00,-3.9062499999680E+03
+16.4000E-06,-49.2186546E-03,+4.9570312500E+00,+3.9062499999920E+03
+16.5000E-06,-41.4061546E-03,+4.9609375000E+00,+1.9531250000320E+03
+16.6000E-06,-41.4061546E-03,+4.9609375000E+00,+9.7656249999680E+03
+16.7000E-06,-45.3124046E-03,+4.9609375000E+00,+1.9531250000160E+03
+16.8000E-06,-45.3124046E-03,+4.9609375000E+00,+5.8593749999760E+03
+16.9000E-06,-53.1249046E-03,+4.9609375000E+00,+0.0E+00
+17.0000E-06,-37.4999046E-03,+4.9648437500E+00,+0.0E+00
+17.1000E-06,-49.2186546E-03,+4.9609375000E+00,-8.0E-09
+17.2000E-06,-41.4061546E-03,+4.9609375000E+00,-1.9531249999920E+03
+17.3000E-06,-45.3124046E-03,+4.9609375000E+00,+8.0E-09
+17.4000E-06,-45.3124046E-03,+4.9609375000E+00,+1.9531250000000E+03
+17.5000E-06,-45.3124046E-03,+4.9609375000E+00,+1.9531249999845E+03
+17.6000E-06,-37.4999046E-03,+4.9648437500E+00,-1.9531249999845E+03
+17.7000E-06,-45.3124046E-03,+4.9609375000E+00,+1.9531249999767E+03
+17.8000E-06,-45.3124046E-03,+4.9609375000E+00,-3.9062500000233E+03
+17.9000E-06,-45.3124046E-03,+4.9648437500E+00,-9.7656249999378E+03
+18.0000E-06,-41.4061546E-03,+4.9570312500E+00,+5.8593749999223E+03
+18.1000E-06,-49.2186546E-03,+4.9570312500E+00,-13.6718749999223E+03
+18.2000E-06,-37.4999046E-03,+4.9687500000E+00,+5.8593750000000E+03
+18.3000E-06,-41.4061546E-03,+4.9531250000E+00,+5.8593749999767E+03
+18.4000E-06,-45.3124046E-03,+4.9609375000E+00,+83.0E-09
+18.5000E-06,-41.4061546E-03,+4.9609375000E+00,+21.4843749999321E+03
+18.6000E-06,-41.4061546E-03,+4.9648437500E+00,+3.9062500000000E+03
+18.7000E-06,-49.2186546E-03,+4.9687500000E+00,+3.9062500000000E+03
+18.8000E-06,-41.4061546E-03,+4.9648437500E+00,+3.9062499999472E+03
+18.9000E-06,-41.4061546E-03,+4.9609375000E+00,-9.7656249999849E+03
+19.0000E-06,-45.3124046E-03,+4.9687500000E+00,-5.8593749999849E+03
+19.1000E-06,-45.3124046E-03,+4.9609375000E+00,-1.9531250000302E+03
+19.2000E-06,-49.2186546E-03,+4.9609375000E+00,-9.7656249999547E+03
+19.3000E-06,-49.2186546E-03,+4.9609375000E+00,+1.9531249999925E+03
+19.4000E-06,-49.2186546E-03,+4.9609375000E+00,-15.1E-09
+19.5000E-06,-45.3124046E-03,+4.9648437500E+00,-3.9062499999849E+03
+19.6000E-06,-45.3124046E-03,+4.9648437500E+00,-15.1E-09
+19.7000E-06,-49.2186546E-03,+4.9570312500E+00,-3.9062499999849E+03
+19.8000E-06,-49.2186546E-03,+4.9609375000E+00,+14.7E-09
+19.9000E-06,-49.2186546E-03,+4.9609375000E+00,+3.9062500000220E+03
+20.0000E-06,-45.3124046E-03,+4.9609375000E+00,+9.7656249999853E+03
+20.1000E-06,-45.3124046E-03,+4.9609375000E+00,+5.8593749999927E+03
+20.2000E-06,-45.3124046E-03,+4.9687500000E+00,+3.9062499999853E+03
+20.3000E-06,-45.3124046E-03,+4.9648437500E+00,-44.0E-09
+20.4000E-06,-45.3124046E-03,+4.9648437500E+00,-11.7187499999634E+03
+20.5000E-06,-41.4061546E-03,+4.9609375000E+00,-1.9531250000513E+03
+20.6000E-06,-41.4061546E-03,+4.9609375000E+00,-15.6249999999267E+03
+20.7000E-06,-41.4061546E-03,+4.9609375000E+00,+3.9062499999503E+03
+20.8000E-06,-45.3124046E-03,+4.9570312500E+00,-9.7656249999290E+03
+20.9000E-06,-45.3124046E-03,+4.9648437500E+00,+9.7656249999645E+03
+21.0000E-06,-45.3124046E-03,+4.9570312500E+00,+14.2E-09
+21.1000E-06,-49.2186546E-03,+4.9648437500E+00,+3.9062500000071E+03
+21.2000E-06,-53.1249046E-03,+4.9570312500E+00,+5.8593749999432E+03
+21.3000E-06,-37.4999046E-03,+4.9687500000E+00,-9.7656249999290E+03
+21.4000E-06,-45.3124046E-03,+4.9609375000E+00,+9.7656249999147E+03
+21.5000E-06,-41.4061546E-03,+4.9609375000E+00,-13.6718749999289E+03
+21.6000E-06,-41.4061546E-03,+4.9609375000E+00,+5.8593749999858E+03
+21.7000E-06,-45.3124046E-03,+4.9570312500E+00,+1.9531249999929E+03
+21.8000E-06,-45.3124046E-03,+4.9648437500E+00,+35.5E-09
+21.9000E-06,-45.3124046E-03,+4.9648437500E+00,+9.7656249999645E+03
+22.0000E-06,-45.3124046E-03,+4.9609375000E+00,-7.1E-09
+22.1000E-06,-49.2186546E-03,+4.9648437500E+00,-1.9531249999503E+03
+22.2000E-06,-49.2186546E-03,+4.9609375000E+00,+11.7187499999449E+03
+22.3000E-06,-41.4061546E-03,+4.9609375000E+00,-3.9062499999449E+03
+22.4000E-06,-45.3124046E-03,+4.9687500000E+00,+11.7187499999793E+03
+22.5000E-06,-53.1249046E-03,+4.9609375000E+00,+5.8593749999794E+03
+22.6000E-06,-45.3124046E-03,+4.9687500000E+00,+20.7E-09
+22.7000E-06,-45.3124046E-03,+4.9648437500E+00,+5.8593749999725E+03
+22.8000E-06,-49.2186546E-03,+4.9648437500E+00,-1.9531250000138E+03
+22.9000E-06,-41.4061546E-03,+4.9687500000E+00,-5.8593749999862E+03
+23.0000E-06,-41.4061546E-03,+4.9687500000E+00,-1.9531250000138E+03
+23.1000E-06,-41.4061546E-03,+4.9570312500E+00,-5.8593750000000E+03
+23.2000E-06,-45.3124046E-03,+4.9648437500E+00,-5.8593749999734E+03
+23.3000E-06,-49.2186546E-03,+4.9648437500E+00,+1.9531249999734E+03
+23.4000E-06,-45.3124046E-03,+4.9648437500E+00,-5.8593749999734E+03
+23.5000E-06,-49.2186546E-03,+4.9609375000E+00,+1.9531249999933E+03
+23.6000E-06,-49.2186546E-03,+4.9609375000E+00,-6.7E-09
+23.7000E-06,-45.3124046E-03,+4.9648437500E+00,-1.9531249999867E+03
+23.8000E-06,-45.3124046E-03,+4.9648437500E+00,+1.9531249999734E+03
+23.9000E-06,-45.3124046E-03,+4.9609375000E+00,-5.8593749999867E+03
+24.0000E-06,-49.2186546E-03,+4.9648437500E+00,-1.9531250000133E+03
+24.1000E-06,-49.2186546E-03,+4.9609375000E+00,-5.8593749999867E+03
+24.2000E-06,-49.2186546E-03,+4.9609375000E+00,-1.9531249999933E+03
+24.3000E-06,-45.3124046E-03,+4.9570312500E+00,-6.7E-09
+24.4000E-06,-53.1249046E-03,+4.9648437500E+00,-1.9531249999734E+03
+24.5000E-06,-49.2186546E-03,+4.9609375000E+00,+5.8593749999667E+03
+24.6000E-06,-49.2186546E-03,+4.9609375000E+00,-3.9062499999485E+03
+24.7000E-06,-45.3124046E-03,+4.9609375000E+00,+11.7187499999614E+03
+24.8000E-06,-45.3124046E-03,+4.9609375000E+00,+45.1E-09
+24.9000E-06,-53.1249046E-03,+4.9648437500E+00,+13.6718749999871E+03
+25.0000E-06,-49.2186546E-03,+4.9609375000E+00,+9.7656249999871E+03
+25.1000E-06,-49.2186546E-03,+4.9687500000E+00,+5.8593750000129E+03
+25.2000E-06,-49.2186546E-03,+4.9648437500E+00,+9.7656249999485E+03
+25.3000E-06,-49.2186546E-03,+4.9687500000E+00,-5.8593749999807E+03
+25.4000E-06,-45.3124046E-03,+4.9687500000E+00,-37.3E-09
+25.5000E-06,-49.2186546E-03,+4.9648437500E+00,-11.7187499999627E+03
+25.6000E-06,-45.3124046E-03,+4.9609375000E+00,-18.7E-09
+25.7000E-06,-49.2186546E-03,+4.9609375000E+00,-5.8593749999689E+03
+25.8000E-06,-45.3124046E-03,+4.9687500000E+00,+3.9062499999751E+03
+25.9000E-06,-45.3124046E-03,+4.9648437500E+00,-3.9062499999814E+03
+26.0000E-06,-49.2186546E-03,+4.9648437500E+00,+1.9531250000000E+03
+26.1000E-06,-49.2186546E-03,+4.9570312500E+00,+1.9531249999814E+03
+26.2000E-06,-49.2186546E-03,+4.9687500000E+00,-3.9062499999503E+03
+26.3000E-06,-49.2186546E-03,+4.9648437500E+00,+11.7187499999503E+03
+26.4000E-06,-45.3124046E-03,+4.9648437500E+00,-3.9062499999503E+03
+26.5000E-06,-45.3124046E-03,+4.9648437500E+00,+11.7187499999938E+03
+26.6000E-06,-45.3124046E-03,+4.9609375000E+00,+9.7656249999751E+03
+26.7000E-06,-41.4061546E-03,+4.9687500000E+00,+1.9531250000249E+03
+26.8000E-06,-49.2186546E-03,+4.9726562500E+00,+9.7656249999316E+03
+26.9000E-06,-49.2186546E-03,+4.9687500000E+00,-11.7187499999751E+03
+27.0000E-06,-49.2186546E-03,+4.9687500000E+00,-3.9062500000311E+03
+27.1000E-06,-53.1249046E-03,+4.9609375000E+00,-13.6718749999760E+03
+27.2000E-06,-53.1249046E-03,+4.9648437500E+00,-5.8593749999880E+03
+27.3000E-06,-45.3124046E-03,+4.9609375000E+00,-1.9531250000060E+03
+27.4000E-06,-53.1249046E-03,+4.9687500000E+00,-3.9062499999760E+03
+27.5000E-06,-49.2186546E-03,+4.9609375000E+00,+3.9062499999880E+03
+27.6000E-06,-49.2186546E-03,+4.9609375000E+00,+0.0E+00
+27.7000E-06,-45.3124046E-03,+4.9648437500E+00,+11.5E-09
+27.8000E-06,-49.2186546E-03,+4.9687500000E+00,+3.9062499999769E+03
+27.9000E-06,-49.2186546E-03,+4.9609375000E+00,-3.9062499999827E+03
+28.0000E-06,-49.2186546E-03,+4.9648437500E+00,+1.9531249999942E+03
+28.1000E-06,-53.1249046E-03,+4.9609375000E+00,+0.0E+00
+28.2000E-06,-45.3124046E-03,+4.9687500000E+00,+17.3E-09
+28.3000E-06,-49.2186546E-03,+4.9609375000E+00,+5.8593749999885E+03
+28.4000E-06,-53.1249046E-03,+4.9648437500E+00,+1.9531250000116E+03
+28.5000E-06,-49.2186546E-03,+4.9648437500E+00,+5.8593749999885E+03
+28.6000E-06,-57.0311546E-03,+4.9687500000E+00,+1.9531250000058E+03
+28.7000E-06,-53.1249046E-03,+4.9648437500E+00,+3.9062499999769E+03
+28.8000E-06,-45.3124046E-03,+4.9687500000E+00,-3.9062499999769E+03
+28.9000E-06,-53.1249046E-03,+4.9648437500E+00,+3.9062499999769E+03
+29.0000E-06,-45.3124046E-03,+4.9648437500E+00,-3.9062499999769E+03
+29.1000E-06,-53.1249046E-03,+4.9687500000E+00,+3.9062499999885E+03
+29.2000E-06,-53.1249046E-03,+4.9648437500E+00,+11.5E-09
+29.3000E-06,-53.1249046E-03,+4.9648437500E+00,+3.9062499999769E+03
+29.4000E-06,-49.2186546E-03,+4.9687500000E+00,-3.9062499999945E+03
+29.5000E-06,-49.2186546E-03,+4.9726562500E+00,-1.9531250000000E+03
+29.6000E-06,-53.1249046E-03,+4.9609375000E+00,-1.9531250000056E+03
+29.7000E-06,-53.1249046E-03,+4.9648437500E+00,-3.9062499999722E+03
+29.8000E-06,-45.3124046E-03,+4.9648437500E+00,+5.8593750000000E+03
+29.9000E-06,-53.1249046E-03,+4.9648437500E+00,+5.8593749999889E+03
+30.0000E-06,-49.2186546E-03,+4.9687500000E+00,+1.9531250000053E+03
+30.1000E-06,-53.1249046E-03,+4.9726562500E+00,+3.9062499999840E+03
+30.2000E-06,-53.1249046E-03,+4.9648437500E+00,-1.9531250000107E+03
+30.3000E-06,-53.1249046E-03,+4.9687500000E+00,-5.8593749999787E+03
+30.4000E-06,-53.1249046E-03,+4.9648437500E+00,+1.9531249999893E+03
+30.5000E-06,-53.1249046E-03,+4.9648437500E+00,-1.9531249999893E+03
+30.6000E-06,-53.1249046E-03,+4.9687500000E+00,+1.9531250000053E+03
+30.7000E-06,-57.0311546E-03,+4.9687500000E+00,+3.9062500000000E+03
+30.8000E-06,-49.2186546E-03,+4.9648437500E+00,+3.9062500000000E+03
+30.9000E-06,-53.1249046E-03,+4.9687500000E+00,+3.9062500000167E+03
+31.0000E-06,-53.1249046E-03,+4.9687500000E+00,+9.7656249999827E+03
+31.1000E-06,-45.3124046E-03,+4.9687500000E+00,+3.9062499999942E+03
+31.2000E-06,-53.1249046E-03,+4.9726562500E+00,+1.9531249999942E+03
+31.3000E-06,-49.2186546E-03,+4.9726562500E+00,-17.3E-09
+31.4000E-06,-49.2186546E-03,+4.9687500000E+00,-5.8593749999942E+03
+31.5000E-06,-53.1249046E-03,+4.9687500000E+00,-3.9062500000173E+03
+31.6000E-06,-53.1249046E-03,+4.9687500000E+00,-9.7656249999769E+03
+31.7000E-06,-53.1249046E-03,+4.9687500000E+00,-1.9531250000120E+03
+31.8000E-06,-53.1249046E-03,+4.9648437500E+00,-5.8593749999880E+03
+31.9000E-06,-53.1249046E-03,+4.9687500000E+00,-1.9531249999876E+03
+32.0000E-06,-53.1249046E-03,+4.9648437500E+00,+1.9531249999751E+03
+32.1000E-06,-57.0311546E-03,+4.9687500000E+00,-5.8593749999441E+03
+32.2000E-06,-49.2186546E-03,+4.9648437500E+00,+11.7187499999316E+03
+32.3000E-06,-49.2186546E-03,+4.9648437500E+00,-9.7656249999565E+03
+32.4000E-06,-53.1249046E-03,+4.9726562500E+00,+3.9062499999689E+03
+32.5000E-06,-53.1249046E-03,+4.9648437500E+00,-5.8593750000124E+03
+32.6000E-06,-49.2186546E-03,+4.9687500000E+00,-9.7656249999627E+03
+32.7000E-06,-53.1249046E-03,+4.9609375000E+00,+1.9531249999742E+03
+32.8000E-06,-57.0311546E-03,+4.9648437500E+00,-5.8593749999421E+03
+32.9000E-06,-53.1249046E-03,+4.9648437500E+00,+11.7187499999667E+03
+33.0000E-06,-49.2186546E-03,+4.9648437500E+00,+1.9531250000267E+03
+33.1000E-06,-53.1249046E-03,+4.9687500000E+00,+9.7656249999734E+03
+33.2000E-06,-49.2186546E-03,+4.9687500000E+00,+1.9531249999867E+03
+33.3000E-06,-53.1249046E-03,+4.9687500000E+00,-1.9531249999933E+03
+33.4000E-06,-49.2186546E-03,+4.9648437500E+00,-33.3E-09
+33.5000E-06,-49.2186546E-03,+4.9687500000E+00,-9.7656249999734E+03
+33.6000E-06,-53.1249046E-03,+4.9687500000E+00,-1.9531249999931E+03
+33.7000E-06,-57.0311546E-03,+4.9609375000E+00,+0.0E+00
+33.8000E-06,-53.1249046E-03,+4.9648437500E+00,+21.3E-09
+33.9000E-06,-49.2186546E-03,+4.9687500000E+00,+5.8593750000000E+03
+34.0000E-06,-57.0311546E-03,+4.9648437500E+00,+5.8593749999787E+03
+34.1000E-06,-57.0311546E-03,+4.9687500000E+00,+7.1E-09
+34.2000E-06,-57.0311546E-03,+4.9726562500E+00,+1.9531249999929E+03
+34.3000E-06,-57.0311546E-03,+4.9648437500E+00,+0.0E+00
+34.4000E-06,-57.0311546E-03,+4.9648437500E+00,+21.3E-09
+34.5000E-06,-53.1249046E-03,+4.9687500000E+00,+5.8593749999927E+03
+34.6000E-06,-49.2186546E-03,+4.9687500000E+00,+3.9062499999927E+03
+34.7000E-06,-53.1249046E-03,+4.9687500000E+00,+1.9531249999854E+03
+34.8000E-06,-53.1249046E-03,+4.9726562500E+00,-1.9531250000378E+03
+34.9000E-06,-53.1249046E-03,+4.9726562500E+00,-11.7187499999698E+03
+35.0000E-06,-53.1249046E-03,+4.9648437500E+00,-3.9062500000302E+03
+35.1000E-06,-53.1249046E-03,+4.9609375000E+00,-11.7187499999472E+03
+35.2000E-06,-53.1249046E-03,+4.9687500000E+00,+1.9531250000000E+03
+35.3000E-06,-57.0311546E-03,+4.9648437500E+00,+1.9531250000000E+03
+35.4000E-06,-57.0311546E-03,+4.9687500000E+00,+1.9531250000302E+03
+35.5000E-06,-53.1249046E-03,+4.9648437500E+00,+9.7656249999689E+03
+35.6000E-06,-53.1249046E-03,+4.9687500000E+00,+1.9531250000155E+03
+35.7000E-06,-60.9374046E-03,+4.9687500000E+00,+5.8593749999920E+03
+35.8000E-06,-57.0311546E-03,+4.9687500000E+00,+3.9062499999920E+03
+35.9000E-06,-53.1249046E-03,+4.9687500000E+00,+1.9531249999920E+03
+36.0000E-06,-53.1249046E-03,+4.9726562500E+00,+0.0E+00
+36.1000E-06,-57.0311546E-03,+4.9687500000E+00,-8.0E-09
+36.2000E-06,-57.0311546E-03,+4.9687500000E+00,-1.9531250000000E+03
+36.3000E-06,-57.0311546E-03,+4.9687500000E+00,-1.9531249999920E+03
+36.4000E-06,-57.0311546E-03,+4.9687500000E+00,-16.4E-09
+36.5000E-06,-53.1249046E-03,+4.9687500000E+00,-3.9062499999918E+03
+36.6000E-06,-57.0311546E-03,+4.9726562500E+00,-1.9531249999916E+03
+36.7000E-06,-53.1249046E-03,+4.9648437500E+00,+0.0E+00
+36.8000E-06,-57.0311546E-03,+4.9648437500E+00,+8.4E-09
+36.9000E-06,-57.0311546E-03,+4.9687500000E+00,+1.9531250000084E+03
+37.0000E-06,-53.1249046E-03,+4.9726562500E+00,+3.9062499999663E+03
+37.1000E-06,-60.9374046E-03,+4.9687500000E+00,-3.9062499999663E+03
+37.2000E-06,-57.0311546E-03,+4.9687500000E+00,+3.9062499999578E+03
+37.3000E-06,-53.1249046E-03,+4.9648437500E+00,-5.8593749999654E+03
+37.4000E-06,-53.1249046E-03,+4.9726562500E+00,+1.9531249999913E+03
+37.5000E-06,-60.9374046E-03,+4.9648437500E+00,-17.3E-09
+37.6000E-06,-53.1249046E-03,+4.9726562500E+00,-3.9062499999645E+03
+37.7000E-06,-60.9374046E-03,+4.9648437500E+00,+3.9062499999378E+03
+37.8000E-06,-60.9374046E-03,+4.9687500000E+00,-9.7656249999467E+03
+37.9000E-06,-53.1249046E-03,+4.9687500000E+00,+1.9531249999467E+03
+38.0000E-06,-57.0311546E-03,+4.9687500000E+00,-9.7656249999467E+03
+38.1000E-06,-57.0311546E-03,+4.9648437500E+00,+1.9531249999911E+03
+38.2000E-06,-60.9374046E-03,+4.9648437500E+00,+26.6E-09
+38.3000E-06,-57.0311546E-03,+4.9687500000E+00,+5.8593750000364E+03
+38.4000E-06,-57.0311546E-03,+4.9648437500E+00,+13.6718749999636E+03
+38.5000E-06,-53.1249046E-03,+4.9687500000E+00,+5.8593750000000E+03
+38.6000E-06,-53.1249046E-03,+4.9765625000E+00,+5.8593749999720E+03
+38.7000E-06,-53.1249046E-03,+4.9726562500E+00,-46.6E-09
+38.8000E-06,-60.9374046E-03,+4.9687500000E+00,-9.7656249999720E+03
+38.9000E-06,-57.0311546E-03,+4.9687500000E+00,-3.9062500000280E+03
+39.0000E-06,-53.1249046E-03,+4.9687500000E+00,-9.7656249999627E+03
+39.1000E-06,-53.1249046E-03,+4.9687500000E+00,-1.9531249999814E+03
+39.2000E-06,-57.0311546E-03,+4.9648437500E+00,+1.9531250000096E+03
+39.3000E-06,-57.0311546E-03,+4.9687500000E+00,+3.9062500000382E+03
+39.4000E-06,-53.1249046E-03,+4.9687500000E+00,+11.7187499999905E+03
+39.5000E-06,-57.0311546E-03,+4.9687500000E+00,+9.7656249999805E+03
+39.6000E-06,-53.1249046E-03,+4.9726562500E+00,+5.8593749999609E+03
+39.7000E-06,-60.9374046E-03,+4.9765625000E+00,-1.9531250000098E+03
+39.8000E-06,-57.0311546E-03,+4.9726562500E+00,-3.9062500000489E+03
+39.9000E-06,-57.0311546E-03,+4.9687500000E+00,-13.6718749999609E+03
+40.0000E-06,-49.2186546E-03,+4.9687500000E+00,-5.8593749999902E+03
+40.1000E-06,-53.1249046E-03,+4.9648437500E+00,-3.9062499999805E+03
+40.2000E-06,-53.1249046E-03,+4.9687500000E+00,+10.0E-09
+40.3000E-06,-57.0311546E-03,+4.9687500000E+00,+1.9531250000000E+03
+40.4000E-06,-49.2186546E-03,+4.9687500000E+00,+1.9531249999796E+03
+40.5000E-06,-57.0311546E-03,+4.9687500000E+00,-1.9531250000102E+03
+40.6000E-06,-57.0311546E-03,+4.9726562500E+00,-3.9062499999694E+03
+40.7000E-06,-53.1249046E-03,+4.9648437500E+00,+1.9531249999694E+03
+40.8000E-06,-57.0311546E-03,+4.9648437500E+00,-3.9062499999489E+03
+40.9000E-06,-53.1249046E-03,+4.9687500000E+00,+5.8593749999694E+03
+41.0000E-06,-57.0311546E-03,+4.9687500000E+00,-10.2E-09
+41.1000E-06,-49.2186546E-03,+4.9726562500E+00,-1.9531249999896E+03
+41.2000E-06,-57.0311546E-03,+4.9687500000E+00,-52.2E-09
+41.3000E-06,-57.0311546E-03,+4.9648437500E+00,-9.7656249999254E+03
+41.4000E-06,-60.9374046E-03,+4.9648437500E+00,+3.9062499999254E+03
+41.5000E-06,-57.0311546E-03,+4.9687500000E+00,-9.7656249999147E+03
+41.6000E-06,-60.9374046E-03,+4.9726562500E+00,+5.8593749999574E+03
+41.7000E-06,-57.0311546E-03,+4.9609375000E+00,-1.9531249999787E+03
+41.8000E-06,-60.9374046E-03,+4.9687500000E+00,+1.9531250000533E+03
+41.9000E-06,-57.0311546E-03,+4.9648437500E+00,+11.7187499999467E+03
+42.0000E-06,-60.9374046E-03,+4.9726562500E+00,+1.9531250000653E+03
+42.1000E-06,-57.0311546E-03,+4.9687500000E+00,+13.6718749999456E+03
+42.2000E-06,-57.0311546E-03,+4.9687500000E+00,+3.9062500000000E+03
+42.3000E-06,-57.0311546E-03,+4.9726562500E+00,+3.9062499999778E+03
+42.4000E-06,-53.1249046E-03,+4.9765625000E+00,-11.1E-09
+42.5000E-06,-57.0311546E-03,+4.9687500000E+00,-1.9531250000000E+03
+42.6000E-06,-60.9374046E-03,+4.9687500000E+00,-1.9531250000222E+03
+42.7000E-06,-60.9374046E-03,+4.9726562500E+00,-5.8593749999556E+03
+42.8000E-06,-60.9374046E-03,+4.9726562500E+00,+1.9531249999667E+03
+42.9000E-06,-60.9374046E-03,+4.9648437500E+00,-3.9062499999667E+03
+43.0000E-06,-49.2186546E-03,+4.9726562500E+00,+1.9531249999887E+03
+43.1000E-06,-49.2186546E-03,+4.9687500000E+00,-11.3E-09
+43.2000E-06,-60.9374046E-03,+4.9726562500E+00,-1.9531249999885E+03
+43.3000E-06,-57.0311546E-03,+4.9687500000E+00,-34.6E-09
+43.4000E-06,-45.3124046E-03,+4.9726562500E+00,-5.8593749999423E+03
+43.5000E-06,-53.1249046E-03,+4.9648437500E+00,+3.9062499999423E+03
+43.6000E-06,-53.1249046E-03,+4.9687500000E+00,-5.8593749999423E+03
+43.7000E-06,-57.0311546E-03,+4.9726562500E+00,+3.9062499999654E+03
+43.8000E-06,-57.0311546E-03,+4.9687500000E+00,-1.9531250000000E+03
+43.9000E-06,-57.0311546E-03,+4.9687500000E+00,-1.9531249999882E+03
+44.0000E-06,-57.0311546E-03,+4.9687500000E+00,-11.8E-09
+44.1000E-06,-60.9374046E-03,+4.9687500000E+00,-1.9531249999882E+03
+44.2000E-06,-53.1249046E-03,+4.9687500000E+00,-12.0E-09
+44.3000E-06,-53.1249046E-03,+4.9687500000E+00,-1.9531250000000E+03
+44.4000E-06,-53.1249046E-03,+4.9687500000E+00,-1.9531250000120E+03
+44.5000E-06,-57.0311546E-03,+4.9687500000E+00,-3.9062499999880E+03
+44.6000E-06,-57.0311546E-03,+4.9687500000E+00,-1.9531249999880E+03
+44.7000E-06,-57.0311546E-03,+4.9648437500E+00,+24.0E-09
+44.8000E-06,-57.0311546E-03,+4.9648437500E+00,+3.9062500000000E+03
+44.9000E-06,-60.9374046E-03,+4.9687500000E+00,+3.9062500000000E+03
+45.0000E-06,-57.0311546E-03,+4.9726562500E+00,+3.9062499999878E+03
+45.1000E-06,-53.1249046E-03,+4.9687500000E+00,+1.9531249999751E+03
+45.2000E-06,-60.9374046E-03,+4.9687500000E+00,-1.9531250000000E+03
+45.3000E-06,-57.0311546E-03,+4.9687500000E+00,-1.9531250000124E+03
+45.4000E-06,-64.8436546E-03,+4.9687500000E+00,-3.9062500000124E+03
+45.5000E-06,-60.9374046E-03,+4.9687500000E+00,-5.8593749999876E+03
+45.6000E-06,-57.0311546E-03,+4.9687500000E+00,-3.9062500000000E+03
+45.7000E-06,-60.9374046E-03,+4.9648437500E+00,-3.9062499999627E+03
+45.8000E-06,-53.1249046E-03,+4.9648437500E+00,+1.9531250000127E+03
+45.9000E-06,-57.0311546E-03,+4.9648437500E+00,+3.9062500000380E+03
+46.0000E-06,-60.9374046E-03,+4.9687500000E+00,+9.7656249999742E+03
+46.1000E-06,-60.9374046E-03,+4.9687500000E+00,+5.8593749999742E+03
+46.2000E-06,-57.0311546E-03,+4.9726562500E+00,+1.9531250000000E+03
+46.3000E-06,-57.0311546E-03,+4.9687500000E+00,+1.9531249999871E+03
+46.4000E-06,-57.0311546E-03,+4.9687500000E+00,+0.0E+00
+46.5000E-06,-57.0311546E-03,+4.9687500000E+00,+38.6E-09
+46.6000E-06,-60.9374046E-03,+4.9687500000E+00,+5.8593749999485E+03
+46.7000E-06,-57.0311546E-03,+4.9687500000E+00,-1.9531249999869E+03
+46.8000E-06,-60.9374046E-03,+4.9765625000E+00,+0.0E+00
+46.9000E-06,-57.0311546E-03,+4.9687500000E+00,-39.3E-09
+47.0000E-06,-57.0311546E-03,+4.9687500000E+00,-5.8593749998934E+03
+47.1000E-06,-57.0311546E-03,+4.9648437500E+00,+9.7656249999467E+03
+47.2000E-06,-57.0311546E-03,+4.9687500000E+00,+1.9531250000267E+03
+47.3000E-06,-60.9374046E-03,+4.9765625000E+00,+5.8593749999867E+03
+47.4000E-06,-57.0311546E-03,+4.9726562500E+00,+3.9062499999600E+03
+47.5000E-06,-57.0311546E-03,+4.9687500000E+00,-1.9531250000000E+03
+47.6000E-06,-57.0311546E-03,+4.9726562500E+00,-1.9531250000267E+03
+47.7000E-06,-57.0311546E-03,+4.9726562500E+00,-5.8593749999729E+03
+47.8000E-06,-57.0311546E-03,+4.9687500000E+00,-1.9531250000677E+03
+47.9000E-06,-53.1249046E-03,+4.9687500000E+00,-11.7187499999312E+03
+48.0000E-06,-57.0311546E-03,+4.9726562500E+00,-1.9531250000275E+03
+48.1000E-06,-53.1249046E-03,+4.9648437500E+00,-5.8593749999725E+03
+48.2000E-06,-53.1249046E-03,+4.9687500000E+00,-1.9531249999036E+03
+48.3000E-06,-57.0311546E-03,+4.9648437500E+00,+11.7187499999312E+03
+48.4000E-06,-53.1249046E-03,+4.9687500000E+00,+1.9531250001514E+03
+48.5000E-06,-57.0311546E-03,+4.9687500000E+00,+23.4374999998348E+03
+48.6000E-06,-57.0311546E-03,+4.9726562500E+00,+69.9E-09
+48.7000E-06,-57.0311546E-03,+4.9804687500E+00,+9.7656249999021E+03
+48.8000E-06,-57.0311546E-03,+4.9687500000E+00,-3.9062500000142E+03
+48.9000E-06,-60.9374046E-03,+4.9726562500E+00,-5.8593749999716E+03
+49.0000E-06,-53.1249046E-03,+4.9687500000E+00,-1.9531250000284E+03
+49.1000E-06,-57.0311546E-03,+4.9726562500E+00,-5.8593749999290E+03
+49.2000E-06,-53.1249046E-03,+4.9687500000E+00,+3.9062499999290E+03
+49.3000E-06,-60.9374046E-03,+4.9726562500E+00,-5.8593749999574E+03
+49.4000E-06,-60.9374046E-03,+4.9687500000E+00,+142.1E-09
+49.5000E-06,-60.9374046E-03,+4.9687500000E+00,+19.5312499998557E+03
+49.6000E-06,-60.9374046E-03,+4.9765625000E+00,-577.3E-09
+49.7000E-06,,,
